Book Name,Author,Price,KU,Rankings,Rating,Customers_Rated,Blurb,Reviews_Ratings,Reviews_Titles,Reviews_Texts
 The Armstrong Assignment (A Janet Markham Bennett Cozy Thriller Book 1) ,['Diana Xarissa'], CDN$ 3.99 ,1,"  Best Sellers Rank:  #1,509 in Kindle Store (See Top 100 in Kindle Store)   #12 in British Detectives  #17 in British Detective Stories  #30 in Cozy Mysteries (Books)  ",4.6 out of 5 stars,315 ratings,"
  Janet Markham‚Äôs wedding day is perfect in every way, and she can‚Äôt imagine anything better than spending two weeks in Paris and two weeks in Venice on her honeymoon.  Less than twenty-four hours later, though, her husband, Edward Bennett, has gone missing.‚Ä©The last thing Janet is going to do is sit around and wait for him to come back.  It isn‚Äôt long before she‚Äôs managed to get herself tangled up in Edward‚Äôs assignment, whether he wants her there or not.  ‚Ä©Can Janet help Edward protect Bobby Armstrong from whoever is trying to kill him?  Can they both keep up the pretense that they‚Äôve never met before?  Or will Edward‚Äôs handler, Mr. Jones, get Janet sent back to Doveby Dale before she can do anything at all?‚Ä©   Read more  ","['5.0 out of 5 stars', '5.0 out of 5 stars']","['\nA New Adventure\n', '\nA lovely page turner.\n']","['\n\n  Janet and Edward are starting their life together with lots of mystery and action. It was lovely that Janet keeps in touch with Joan and Michael to continue the story of their lives.\n\n', '\n\n  Completely different from her others books. A page turner. I think it‚Äôs the best book she wrote.  It had a great plot and great characters. I loved how Janet talked to the characters about their own stories so that I could easily figure out which character was which when I was reading. Can‚Äôt wait to read the next one in this series! Try it you wlii love it\n\n']"
 Eastwind Witches Cozy Mysteries: Books 1-6: Paranormal Cozy Mystery Box Set ,['Nova Nelson'], CDN$ 0.99 ,1,"  Best Sellers Rank:  #2,037 in Kindle Store (See Top 100 in Kindle Store)   #3 in Werewolf & Shifter Mysteries  #3 in Psychic Thrillers  #3 in Vampire Mysteries  ",4.6 out of 5 stars,196 ratings,"
  Nora had it all figured out... until she died.6 books,¬†1,000+ pages, 1 hellhound of a delightful ride!Fans of paranormal cozy mystery can't get enough of Eastwind Witches, and you'll understand why as you tumble headfirst into the magical town of Eastwind where the supernatural has a knack for getting into super trouble.Team up with Nora Ashcroft, a psychic witch who's just getting used to her powers, and her snarky hellhound familiar, Grim, as they solve Eastwind's toughest, hairiest, and twistiest crimes... all while trying to keep the lights on at the local all-night diner.Included in this box set:Crossing Over Easy¬†(Book 1)Death Metal¬†(Book 2)Third Knock the Charm¬†(Book 3)Queso de los Muertos¬†(Book 4)Psych-Out¬†(Book 5)Gone Witch¬†(Book 6)If you like small town mysteries, paranormal fun, and a whole heap of humor, get ready to chow down on the first six books of the Eastwind Witches Cozy Mysteries, served hot off the skillet in this single box set.Start the series now to help Nora sleuth out: Who killed the werewolf in the diner with the frying pan?  Read more  ","['5.0 out of 5 stars', '5.0 out of 5 stars', '5.0 out of 5 stars', '5.0 out of 5 stars', '3.0 out of 5 stars', '5.0 out of 5 stars', '5.0 out of 5 stars']","['\nwhat a good read\n', '\nIncredible series\n', '\nepic must read series\n', '\nWitches and mystery\n', ""\nDon't bother\n"", '\nGreat series!\n', ""\nA fantastic series that you just can't put down.\n""]","[""\n\n  I really loved these books . A woman finds herself in a ' new 'world and finds out she is a witch , not just an ordinary one though ,but a fifth wind witch . When I  get a box of books usually get bored after awhile ,but I read these non stop .  So a 5 star  but in my world an 18 star .\n\n"", '\n\n  I loved this.  The box set is 6 books and I simply couldn‚Äôt stop reading.  What a wonderful premise and eclectic characters that seem utterly real.  I wasn‚Äôt expecting it to be as good as it is, so I‚Äôm very happy I made the purchase.\n\n', ""\n\n  omgosh! every page keeps you on your toes....i can't even start to say which book was better... they all flow together... worth every second to read!  especially the late night seconds where you can't put the book down!\n\n"", '\n\n  This set of books was very entertaining and enjoyable.  If you like a little mystery with some super natural beings (witches and shifters), you will find these to your liking.\n\n', '\n\n  I stopped reading at the end of the first book. The plot, characters, and relationships were shallow and uninteresting and the so-called mystery was lame.\n\n', '\n\n  Had to read the whole lot, one after another. Great characters and plots, really like Grim. Who doesn‚Äôt like snarky animals and supernatural creatures!\n\n', '\n\n  When Nora lands in Eastwind, discovers her physic witch abilities, inherits her hellhound Grim and meets Tanner to runs the best restaurant on the outskirts of Eastwind, this series will have you hooked.  The characters are wonderful, the crimes that Nora has to solve have you riding shotgun and to have Ted, a real Grim Reaper who lives in Eastwind and always available, it is a lot of fun.  You really do need these books in order to get all the background for everyone and the town but it is a town I wish I could step into and visit for real as there are so many different magically creatures who make up the town, it just sounds like a really fun place to be.\n\n']"
 Sold on a Monday: A Novel ,['Kristina McMorris'], CDN$ 11.10 ,1,  Best Sellers Rank:  #3 in Kindle Store (See Top 100 in Kindle Store)   #1 in Historical Fiction (Kindle Store)  #1 in Literary Fiction (Books)  #1 in Literary Fiction eBooks  ,4.2 out of 5 stars,"15,771 ratings","
  A NEW YORK TIMES BESTSELLER A USA TODAY BESTSELLER A PUBLISHERS WEEKLY BESTSELLERA NATIONAL INDIEBOUND BESTSELLER An unforgettable novel by Kristina McMorris,  inspired by a stunning piece of history. 2 CHILDREN FOR SALEThe sign is a last resort. It sits on a farmhouse porch in 1931, but could be found anywhere in an era of breadlines, bank runs and broken dreams. It could have been written by any mother facing impossible choices. For struggling reporter Ellis Reed, the gut-wrenching scene evokes memories of his family‚Äôs dark past. He snaps a photograph of the children, not meant for publication. But when it leads to his big break, the consequences are more devastating than he ever imagined.Inspired by an actual newspaper photograph that stunned the nation, Sold on a Monday is a powerful novel of love, redemption, and the unexpected paths that bring us home.  Read more  ","['5.0 out of 5 stars', '5.0 out of 5 stars', '3.0 out of 5 stars', '4.0 out of 5 stars', '5.0 out of 5 stars', '5.0 out of 5 stars', '5.0 out of 5 stars', '3.0 out of 5 stars']","['\nTruth bares fiction\n', '\nLoved it\n', '\nOK story but not an autobiography.\n', '\nGood Read\n', '\nBased in truth!\n', '\nHeart wrenching,  yet beautiful!\n', '\nCould not put this book down\n', '\nInteresting basis for a story\n']","['\n\n  It is a bit of the reality of the times.  My own mother had similar experience as a child after her foods rather was killed in an accident  in 1917.  He worked in a coal line, had four children  with one only five months old. My grandmother an immigrant could not speak English, there by necessitating her to sell one  child ,mother being  five was too young to be helpful ,.but old enough not to need her mother, and one underlining cause.......her name reminded her of her sister, whom she resented foe being.allowedd to go to school in the old in the old country .I could relate to this story from the abject poverty of the times, the coal miners.story, the rum runner,  ,child labour,and the location of the story.\n\n', '\n\n  Good story, kept me interested from the start to the end. I really liked the characters and the basis of the story which to me was about doing the right thing, having a moral compass and following it; recognizing that everyone has a story that explains their behaviours and that courage and integrity are most important. I‚Äôd love a sequel.\n\n', ""\n\n  From the title and photo on the cover I was expecting a first hand account of a young boy's sad experience.The story was actually about two main characters who investigated two children who were bought.It was still a pretty good story and highlighted events that did happen to children during the depression.\n\n"", ""\n\n  I enjoyed this book the characters were easy to get to know and love,  this story has lot of twists and turns, you think you have it figured out and you don't.  I will keep reading her books\n\n"", '\n\n  Sold On A Monday exceeded my expectations and I enjoyed it so thoroughly I could not put it down!  I loved the character‚Äôs connectivity through their kindness and concern for the children‚Äôs well being.  The twists & turns in the story brought a reality to a troubled time in America‚Äôs history.  The desperation of people to have to resort to selling their children was perfectly described through the eyes of all the characters including their mother who never gave up hope.  And the fact that it was based in a true story made it very authentic and believable.  I enjoyed this book and would highly recommend it to all readers.  Ten out of ten!\n\n', ""\n\n  A tale unlike any other I've read, this story had me captivated from beginning to end.  The characters are relatable and believable, and I was rooting for the underdog from the start.  I truly recommend this book!\n\n"", '\n\n  A heart warming story. To think that times were so bad that a mother would sell her children is certainly something to reflect on and be thankful for everything one has. I liked that the story had many twists and the characters richly described.\n\n', ""\n\n  I thought the basing of the novel on a historical photo was interesting. As this is a best seller, I was expecting a book that would grab me more than this did. I won't be keeping the book to reread it.\n\n""]"
 Zodiac Academy 7: Heartless Sky ,"['Caroline Peckham', 'Susanne Valenti']", CDN$ 7.99 ,1,  Best Sellers Rank:  #2 in Kindle Store (See Top 100 in Kindle Store)   #1 in Urban Fantasy (Kindle Store)  #1 in Paranormal Fantasy  ,4.8 out of 5 stars,84 ratings,"
  The winds of fate are shifting, and it finally seems like they‚Äôve been twisted in our favour.On the run and cast out from society, we‚Äôve been forced to hide from the mad man who stole our throne. But as more secrets come to light and my sister and I work harder than ever before to reach our potential and claim our birth right, the end is finally drawing closer.There is no turning from this path now. The curse chases on our heels as time rushes by and the blood drenched destiny of the man I love looms ever closer just like the monster who stole our throne.We must prepare for the final battle, but three things are clear now.The cards have already been dealt.Blood will spill for a new future to rise.And the stars themselves can‚Äôt help us.The fight for the throne is upon us. All hail the heartless sky.  Read more  ","['5.0 out of 5 stars', '5.0 out of 5 stars', '5.0 out of 5 stars', '5.0 out of 5 stars', '5.0 out of 5 stars', '5.0 out of 5 stars']","['\nIt was happy\n', '\nA simultaneously heart warming and destroying read\n', '\nIncredible\n', '\nExcruciatingly glorious! A meat grinder for your heart in all the best (and worst) ways.\n', '\nPage turner\n', '\nHeartbreakingly Good!\n']","[""\n\n  Everything was looking up for them. Why did that have to change? I'm really hoping everything works out in the end of the next book but I'm not holding my breath. One year time wait but I am ready now.\n\n"", '\n\n  WOW, these ladies have outdone themselves. This has definitely been my favourite in the ZA series. I laughed, I cried happy and sad tears, o think I probably screamed. The characters, relationships, and world is so well done I could not put it down. If you have yet to pick up this book/series you need to!\n\n', ""\n\n  Wow!! This book was incredible, it was such an emotional ride! I laughed so much, i cried! I can't wait for the next book!\n\n"", ""\n\n  5 brutal stars! ‚≠ê‚≠ê‚≠ê‚≠ê‚≠êWhat a wild ride!I've been eager to get my grubby little hands on this book and boy do these authors really know how to make us feel!! After rereading the other books in this series, I thought for sure I knew at least a few things which would happen but these authors threw twists and turns our way, some good and some bad.This might be their most brutal cliffhanger yet, and I didn't think anything would top the end of book 4 (IYKYK). That being said, this book is now my top favorite in the series. I laughed, I cried, and man did I scream!Can't wait for the next book and to find out just how they'll mend our broken hearts (because right now, it doesn't seem like they can!)\n\n"", '\n\n  Zodiac academy heartless sky is book 7 in supernatural beast and bullies series. I don‚Äôt even know where to start definitely wild ride . So many emotions and times I was gripping my kindle and lest not forget about that Hugh cliffhanger at the end holy cow . I need next book please I am dying for out what happens next the suspense is killing me . i am going to go cry üò¢ now !!!\n\n', ""\n\n  This book was aptly named as I feel like my heart was literally ripped from my chest in the final chapters.It was so heartbreakingly good. I've literally been left speechless. Definitely need to go back for a re-read as there was so much to process in this beast of a novel.The last book is going to be epic. Impatiently waiting for the finale!!!\n\n""]"
 The Perfect Couple: A gripping USA Today psychological crime thriller with a twist you won‚Äôt see coming! ,['Jackie Kabler'], CDN$ 5.99 ,1,  Best Sellers Rank:  #1 in Kindle Store (See Top 100 in Kindle Store)   #1 in Serial Killer Thrillers  #1 in Domestic Life in Women's Fiction  #1 in Psychological Thrillers (Kindle Store)  ,4.1 out of 5 stars,"11,777 ratings","
  THE 2020 BESTSELLER!Perfect for fans of Liane Moriarty, Shari Lapena and Lisa JewellThe perfect couple ‚Ä¶ or the perfect lie?A devoted wife‚Ä¶A year ago, Gemma met the love of her life, Danny. Since then, their relationship has been perfect. But one evening, Danny doesn‚Äôt return home.A missing husband‚Ä¶Gemma turns to the police. She is horrified by what she discovers ‚Äì a serial killer is on the loose in Bristol. When she sees photos of the victims she is even more stunned‚Ä¶they all look just like Danny.Who would you believe?But the police are suspicious. Why has no one apart from Gemma heard from Danny in weeks? Why is there barely a trace of him in their flat? Is she telling them the truth, or is this marriage hiding some very dark secrets?'Keeps you guessing as you frantically turn the pages‚Äô Sunday Times bestselling author C. L. Taylor‚ÄòI couldn't put it down!‚Äô Alex Lake, bestselling author of Seven Days‚ÄòThere is no let-up in this twisty-turny thriller‚Äô Kate Riordan, author of The HeatwaveWhat readers are saying about The Perfect Couple‚ÄòThis book kept me up all night. So many twists and turns. I just could not get enough‚Äô‚ÄòOh my word!! This book was absolutely brilliant!! I cannot even describe how brilliant the plot was and the twists and turns were just amazing!!‚Äô‚ÄòThe perfect read!‚Äô‚ÄòJackie Kabler -you have written a thriller beyond words!‚Äô‚ÄòA page turning, knee trembling read!‚Äô‚ÄòSuspense, thrills, police procedural, and a good old-fashioned creepy scare await you‚Äô‚ÄòAmazing, twisty, ride. I was left with a jaw dropped open and asking myself why and how‚Äô‚ÄòOh My Gosh what a Head Spinning book!!!!. Kept me on my toes through every chapter‚Äô  Read more  ","['4.0 out of 5 stars', '2.0 out of 5 stars', '4.0 out of 5 stars', '2.0 out of 5 stars', '2.0 out of 5 stars', '2.0 out of 5 stars', '1.0 out of 5 stars', '5.0 out of 5 stars']","['\nsolid, kept me guessing\n', '\nTypical predictable modern thriller\n', '\nA real page turner\n', '\nInteresting story line.\n', '\nBoring and predictable\n', '\nWasted a lot of time\n', '\nGone Girl dupe\n', '\nOutstanding mystery\n']","[""\n\n  This is a plot driven story and it worked for me in that it kept me guessing throughout the entire book.  That's what I want in this type of story.  The cop characters were relatable and human, making mistakes, derailed by the implausibilities of the case set out for them to solve.  The main character, Gemma's, confusion was palpable but I don't think her fear was evident enough but perhaps that was misdirection on the author's part.  Overall a solid read.  When I culprit was revealed I slapped myself for not figuring it out but I that is testament to the author's storytelling talent.\n\n"", ""\n\n  It's a typical modern, competently-written thriller where everyone is 30-something and gorgeous and has a fabulous job and lots of money blahblah....Predictable and completely unbelievable.  I'm all for suspending disbelief when reading thrillers or murder mysteries, but this was a bit too much.  I would have given it 2.5 stars - not quite 3, not that good, but not the worst I've read either.  Basically - meh.  So happy I only paid 99 cents for it.\n\n"", '\n\n  This story really sets you up in the beginning to shock you with some unbelievable twists and turns as the story develops.  It was hard to put the book down not knowing who to believe - the wife or the police - each going down different paths to solve the mystery.  My only disappointment with the book was the ending,  which really seemed to come out of the blue and left my spine tingling in horror!\n\n', ""\n\n  I liked the idea  But,it was far too long. Filled with unnecessary description and repetitive narratives. I almost didn't finish.\n\n"", '\n\n  Had a hard time finishing the book and as I did I it just confirmed my suspicion that the ending I predicted since the beginning was actually the ending. Very disappointing. The characters were flat and one-dimensional.  Too many similarities with Gone Girl, but a poor version of it.\n\n', ""\n\n  I have this terrible habit of being unable to abandon a book once I've started.The characters were so unbelievably thick.Glad that is not my police force.  Amazingly, the lead character was actually just as stupid.Don't bother!\n\n"", '\n\n  I was super excited to read this book. Ended up knowing in advance every supposed twists and turns . Miserably disappointed in it.\n\n', '\n\n  This books keeps you on your toes!  It is an easy read - but difficult to put down. If you like mysteries - this one is for you.\n\n']"
" The Real Anthony Fauci: Bill Gates, Big Pharma, and the Global War on Democracy and Public Health (Children‚Äôs Health Defense) ",['Robert F.  Kennedy Jr.'], CDN$ 2.99 ,0,  Best Sellers Rank:  #4 in Kindle Store (See Top 100 in Kindle Store)   #1 in Scientist Biographies (Kindle Store)  #1 in AIDS (Kindle Store)  #1 in Public Health (Kindle Store)  ,4.8 out of 5 stars,"1,423 ratings","
  #1 on AMAZON, and a NEW YORK TIMES, WALL STREET JOURNAL, USA TODAY and PUBLISHERS WEEKLY NATIONAL BESTSELLERPharma-funded mainstream media has convinced millions of Americans that Dr. Anthony Fauci is a hero. He is anything but. ¬† As director of the National Institute of Allergy and Infectious Diseases (NIAID), Dr. Anthony Fauci dispenses $6.1 billion in annual taxpayer-provided funding for scientific research, allowing him to dictate the subject, content, and outcome of scientific health research across the globe. Fauci uses the financial clout at his disposal to wield extraordinary influence over hospitals, universities, journals, and thousands of influential doctors and scientists‚Äîwhose careers and institutions he has the power to ruin, advance, or reward. ¬† During more than a year of painstaking and meticulous research, Robert F. Kennedy Jr. unearthed a shocking story that obliterates media spin on Dr. Fauci . . . and that will alarm every American‚ÄîDemocrat or Republican‚Äîwho cares about democracy, our Constitution, and the future of our children‚Äôs health. ¬†The Real Anthony Fauci¬†reveals how ‚ÄúAmerica‚Äôs Doctor‚Äù launched his career during the early AIDS crisis by partnering¬†with pharmaceutical companies to sabotage safe and effective off-patent therapeutic treatments for AIDS. Fauci orchestrated fraudulent studies, and then pressured US Food and Drug Administration (FDA) regulators into approving a deadly chemotherapy treatment he had good reason to know was worthless against AIDS. Fauci repeatedly violated federal laws to allow his Pharma partners to use impoverished and dark-skinned children as lab rats in deadly experiments with toxic AIDS and cancer chemotherapies. ¬† In early 2000, Fauci shook hands with Bill Gates in the library of Gates‚Äô $147 million Seattle mansion, cementing a partnership that would aim to control an increasingly profitable $60 billion global vaccine enterprise with unlimited growth potential. Through funding leverage and carefully cultivated personal relationships with heads of state and leading media and social media institutions, the Pharma-Fauci-Gates alliance exercises dominion over global health policy. ¬†The Real Anthony Fauci¬†details how Fauci, Gates, and their cohorts use their control of media outlets, scientific journals, key government and quasi-governmental agencies, global intelligence agencies, and influential scientists and physicians to flood the public with fearful propaganda about COVID-19 virulence and pathogenesis, and to muzzle debate and ruthlessly censor dissent. ¬†   Read more  ","['5.0 out of 5 stars', '5.0 out of 5 stars', '5.0 out of 5 stars', '5.0 out of 5 stars', '5.0 out of 5 stars', '5.0 out of 5 stars', '5.0 out of 5 stars', '1.0 out of 5 stars']","['\nFauci Earthquake\n', '\nExcellent Book - everyone should read..\n', '\nTruth\n', '\nHonest and trustworthy journalism\n', '\nGet this book by any means necessary\n', '\nMeaning is found in context!\n', '\nNo matter your current covid opinions, read this book\n', '\nLies. Poorly written.\n']","['\n\n  The tremors from this book will, in time, create an earthquake which will topple Dr. Fauci. History will record this book as equivalent to the publishing of Pentagon Papers by Ellesburg and to the Watergate story by Woodward and Bernstein.\xa0I read it until the early morning. I read until I could not keep my eyes open. Kennedy\'s documentation is so thorough that even the most powerful health bureaucrat in the world cannot escape the consequences of his actions.\xa0\xa0Now I wait the ""shoot the messenger"" media to smother this book. I suggest that you buy it now before Amazon finds a reason to remove it.\n\n', '\n\n  It is refreshing to hear the truth, not what is promoted by mainstream media.\n\n', '\n\n  The truth will set you free.\n\n', '\n\n  Top-notch and compelling, this book is an absolute page turner. Everyone who has lived and suffered through the on-going nightmare of the last 2 years (and counting) needs to read this. Impeccable research and well-written. Bravo Robert Kennedy Jr. for your hard work documenting the cold, hard facts and uncovering the truth. BRAVO! The book of 2021 and beyond!\n\n', '\n\n  Didn‚Äôt sleep last night listening to the audiobook. The truth will always come out . Some will be in denial but the information in this book willOpen your eyes to what us Africans have been trying to tell you all this time  has been done to our people . Hopefully more will wake up after reading this .\n\n', '\n\n  Even more than this book can be said and written to ground it in a depth of scientific and other peer-reviewed papers. But as is, this tomb of timely, logical and well-referenced insights is phenomenally useful to describe meaningful current and historical context to our current global situation. Although some potential readers may appear to dismiss this book for their self-serving socio-economic purposes, it is a non-partisan call for science and peace-oriented policies and practices that ought to appeal to anyone of sound mind who intends to care about improving health in life today. And it is essential to understand how we need to manage differently for a better future...  From that perspective, this book makes a meaningful gift filled with potentially surprising facts for readers of all kinds. Many thanks to Robert Kennedy for publishing a great gift for giving to others too!\n\n', '\n\n  A thorough, impeccably referenced and cited expose that all caring humans should read. Temporarily park all your current covid beliefs/opinions/biases and read this book with a clear mind, absorb the detailed facts and figures, and then build a new covid outlook based on the comprehensive material that has been gathered and presented for your  consideration. Then share your now well informed viewpoint and conclusions with all those you love, especially those who have absorbed the MSM narrative hook, line and sinker. It is not too late.\n\n', '\n\n  Quickly cobbled together with few actual facts. Look elsewhere to find actual information on Fauci.\n\n']"
 Fire and Forget (Thomas Caine Thrillers Book 4) ,['Andrew Warren'], CDN$ 6.30 ,1,  Best Sellers Rank:  #690 in Kindle Store (See Top 100 in Kindle Store)   #6 in Spy Stories & Tales of Intrigue  #10 in Crime Action & Adventure  #11 in War & Military Action & Adventure  ,4.5 out of 5 stars,106 ratings,"
  A betrayed assassin. A bloodthirsty warlord. A bio-weapon that could kill millions...""Fire and Forget has everything you want in a top-notch thriller...""¬† - USA Today Bestselling author Ty PattersonFramed for treason and on the run, Thomas Caine will stop at nothing to clear his name and avenge his partner's death. As he races to keep the authorities off his tail, a CIA insider offers to hide his tracks if he accepts one more black ops mission. All he needs to do is hunt down a stolen biological weapon in Africa, and save millions of people from a horrific death.With the help of a beautiful doctor, Caine pursues the virus into the war torn region of South Sudan, where he uncovers shocking secrets that could solve the mystery of his betrayal. Assuming he makes it back alive...Thriller fans love bestselling author Andrew Warren's Thomas Caine series:‚òÖ‚òÖ‚òÖ‚òÖ‚òÖ ""Move over Jason Bourne... Here comes Thomas Caine!""‚òÖ‚òÖ‚òÖ‚òÖ‚òÖ ""Twists and turns to the very last page! An extraordinary action packed read!!!""‚òÖ‚òÖ‚òÖ‚òÖ‚òÖ ""An adrenaline fueled rush!""‚òÖ‚òÖ‚òÖ‚òÖ‚òÖ ""Couldn't put it down, a page turner... I read for 6 hours non-stop!""  Read more  ","['4.0 out of 5 stars', '5.0 out of 5 stars', '3.0 out of 5 stars', '5.0 out of 5 stars', '5.0 out of 5 stars', '4.0 out of 5 stars', '5.0 out of 5 stars']","['\nDetails are Important\n', '\nGreat\n', '\nCaine As a Weapon\n', '\nGood Read\n', '\nAnother great read!!\n', '\nTokyo Black\n', '\nExcellent\n']","[""\n\n  It's been a while since I read this thriller but certain details of the city and it's denizens still remain. The action and characters were outstanding. Look forward to read others in this line of novels.\n\n"", ""\n\n  Andrew Warren books are excellent. If you want a thriller, you can't go wrong.Denis\n\n"", '\n\n  Thomas Caine, still out in the cold from the CIA, travels to Africa to find a missing Agent.,.Of course, trouble follows him in the form of power-hungry warlords, child soldiers, and a pretty village doctorI have read all 3 full -length Caine novels and a few of the novellas. This book was filled with the action I expected,, but the plot and the pacing were sluggish.It felt like it took far too long to finish this novel ,and I will probably forget it very quickly.\n\n', '\n\n  I follow The Grey Man, Victor the Assassin, Orphan X, to name a few. I gladly add, after reading books 1-3, Thomas Caine to the list.\n\n', '\n\n  What a great series!! Looking forward to more!! Great story, well written at a good pace. Unfortunately I read it too quick!!\n\n', '\n\n  Good book, good reading\n\n', '\n\n  A good continuation to this series.  Will surely buy the next one.\n\n']"
 Protected by a Vampire (Immortal Hearts of San Francisco Book 5) ,['Susan Griscom'], CDN$ 5.02 ,0,"  Best Sellers Rank:  #23,751 in Kindle Store (See Top 100 in Kindle Store)   #266 in Psychic Romance  #268 in Psychics Paranormal Romance  #484 in Vampire Romance  ",4.6 out of 5 stars,34 ratings,"
  Can love like theirs withstand the ravages of time?Gage McAllister, the oldest vampire in The Lost Boys Rock Band, tries to stay away from the brave young woman who helped him recover from a debilitating stab wound five years ago. She reminds him of his past love and he vowed centuries ago to never go down that path again. Only he's constantly drawn to her. It's as though some invisible force keeps pushing him in her direction and his need to protect her is overwhelming.Acelynn Baird finds Gage intriguing yet dangerous and knows she should stay clear of him. She senses something powerful about him and even though she has dabbled in witchcraft, she's not sure she's ready to discover the secrets that lurk under the cover of darkness. Except fate keeps shoving them together and that old attraction she had for him when she was just a kid only grows stronger with each encounter.A past that haunts, a steamy desire that fuels the burn, and a passion like no other sizzles.   Read more  ","['4.0 out of 5 stars', '5.0 out of 5 stars', '5.0 out of 5 stars']","['\nGood Vampire Romance\n', '\nProtected by a Vampire = Great Story\n', '\nLove!\n']","['\n\n  I thoroughly enjoyed this story.  Gage can not stay away from Ace no matter how determined he is not to get hurt again.  These characters are a perfect match and no amount of time can change that.  Gage and Ace are well developed with depth and substance making the story captivating and hard to put down.  A very entertaining storyline with danger, drama and a fated romance.  Voluntarily reviewed an advanced readers copy of this book.\n\n', ""\n\n  Book five in the Immortal Hearts of San Francisco series a well written story that held my interest throughout. Vampire Gage McAllister of The Lost Boys Rock Band and Acelynn Baird's story has a great storyline and the story flows smoothly across the pages. I enjoyed reading.  I received a copy of this book and am voluntarily leaving a review.\n\n"", '\n\n  Sigh... These vampires are super tempting. I loved this story. Steamy, sweet, dangerous and exciting..I received a free copy of this book via Booksprout and am voluntarily leaving a review.\n\n']"
 Dipped In Holly ,['Dana  Isaly'], CDN$ 3.80 ,1,  Best Sellers Rank:  #1 in Erotica (Kindle Store)   #1 in BDSM Erotica  ,4.6 out of 5 stars,379 ratings,"
  Holly was just dumped. Less than a week before Christmas. In public. Dressed as a slutty Mrs. Claus. All she wants is to hide in the bathroom and have a breakdown in peace. But the Silver Fox who owns the bar has other plans.The moment Nick takes in Holly‚Äôs grey eyes and sassy attitude, he‚Äôs hooked. There‚Äôs no denying the attraction that has sparked between them. And when that tension finally snaps, he finds himself taking Holly to bed. A kinky one night stand later, and they‚Äôre left questioning if it was enough.   Read more  ","['5.0 out of 5 stars', '4.0 out of 5 stars', '5.0 out of 5 stars', '5.0 out of 5 stars', '5.0 out of 5 stars', '5.0 out of 5 stars', '5.0 out of 5 stars', '4.0 out of 5 stars']","['\nMerry Christmas to me!\n', '\nWish it was longer!\n', '\nFestive spicy novella\n', '\nHappy Smutty Christmas!\n', '\nSpicy holiday novella\n', '\nPerfect Christmas Novella\n', '\nLoved it!\n', '\nüî•üî•\n']","['\n\n  Hot!  I can wait to see where this story goesThere was so much hype about the book and I put it in my calendar to grab it the first chance I got.This story hit all the good feelings that I hoped for:Breakup with loser boyfriendHot older guy who come to the rescueNot overly complicated storyline that tries too hardHot, steamAnother book to continue this fun story\n\n', '\n\n  What a wonderfully smutty and festive read! This is a short erotic, Christmas theme novella, that follows Holly and Nick. Holly has just been dumped by her BF, when Nick comes to the rescue. Then there‚Äôs some inventive smexy times involves Christmas ornaments (sounds weird, but it was HOT). I just wish this was longer. I really hope Daddy Nick and Holly get a full length novel.\n\n', '\n\n  I loved this so much!! This is the best festive spicy novella I‚Äôve ever read. This has an Age Gap, Daddy kink and Bondage, and a very interesting scene with a string of Christmas lights.Holly was brutal dumped in a bar while wearing a slutty Mrs. Clause outfit. While crying in the bathroom, she meets a silver fox who gives her a night she won‚Äôt forget.Dana is a queen and she never disappoints!\n\n', '\n\n  This book! Holy crap, this book is all kinds of hot and dirty, and just the right amount of sexy age Gap romance!I loved how easily Nick was able to get Holly out of her shell, and make sure she knows just how much of a tool her ex really was!You‚Äôll never look at Christmas lights the same either ;).Happy reading!\n\n', '\n\n  If you‚Äôre looking for a long, drawn-out holiday romance‚Ä¶ look elsewhere. But if you‚Äôre in the mood for well-written smut with Christmas vibes, you‚Äôre in the right place.Dipped in Holly features a silver fox named Nick and a heart-broken Holly. The spice is SPICY and so good. This is a quick read that will leave you wanting more from these 2!\n\n', '\n\n  Dana doesn‚Äôt cease to amaze me with her writing. Dipped in Holly was a perfect little Christmas light wrapping that I needed. You need to read it as soon as you see it!Keep them coming Dana\n\n', '\n\n  I loved every moment of this! Holly‚Äôs cheating ex clearly didn‚Äôt understand the assignment, but Nick clearly did! He gets üíØ and more for his delivery!\n\n', ""\n\n  Daddy Nick is spicy! Definitely not a book to read if you want a good plot, this is definitely all smut. But it's very enjoyable! Can't wait to see Holly and Nick's story continue!\n\n""]"
 Fooled & Enlightened: The Englishman's Scottish Wife (Love's Second Chance: Highland Tales Book 5) ,['Bree Wolf'], CDN$ 6.99 ,1,  Best Sellers Rank:  #236 in Kindle Store (See Top 100 in Kindle Store)   #1 in Scottish Historical Romance (Books)  #1 in Scottish Historical Romance (Kindle Store)  #3 in Regency Romance eBooks  ,4.4 out of 5 stars,141 ratings,"
  This fated-lovers regency romance featuring a haunted English lord and a determined Scottish lass penned by USA TODAY bestselling and HOLT Medallion winning author Bree Wolf proves that true love never dies...but sometimes it does test you.Scotland 1812: Returning to England after ten years, MAGGIE MACDRUMMOND finds herself confronted by a man of her past. Long ago, she lost her heart to her childhood friend, only to have it crushed upon the first test of devotion. While Maggie spent the summer in Scotland with her family, the man she loved married another‚Ä¶without a word. Without warning. Without any thought for how his decision would crush her.‚Ä©‚Ä© Ten years later, Maggie still cannot forget the man who'd once stolen her heart‚Ä¶and possesses it still. She is haunted by the moments they shared together, her heart foolishly longing for someone who treated it without care.Determined to finally rid herself of his influence over her, Maggie travels to London to face him.NATHAN PENHALE, EARL OF TOWNSEND, lives from day to day, from one distraction to another. His life holds no meaning, no depth, no substance. He is but a shadow of the man he's once been.‚Ä©‚Ä©Until the day Nathan glimpses the woman with the fiery-red hair who captured his heart long ago at a ball. It takes no more than a look into her soulful blue eyes and his dead, shrivelled, dysfunctional heart once more begins to beat in his chest.  Shocked, Nathan can do little else but stand and stare at the ghost from his past, returned to torment him after ten years of agony. ‚Ä©Nathan knows he ought to turn and leave, ignore her siren's call for it will only lead him to his doom. But his foolish heart urges him down a different path.‚Ä©‚Ä© And then her eyes meet his‚Ä¶Read Fooled & Enlightened and fall in love with this heartwarming tale that will tug at your heartstrings and keep you up till the wee hours of the morning! Each love story in this series can be read as a stand-alone. However, most readers prefer to read them in order.   Read more  ","['5.0 out of 5 stars', '4.0 out of 5 stars', '5.0 out of 5 stars']","['\nBeautiful location,  wonderful characters, great story!\n', '\nAngsty and good\n', '\nFabulous. A real page-turner\n']","[""\n\n  I have missed Ms. Wolf's books in this series, while she took a break  to write some books in a new series. This series is so great I just love them! We travel between London and Scotland in this book. Maggie is a widow now since the death of her husband Ian MacDrummond. She has never been able to forget the man that broke her heart when she was 18 years old. When Nathan kissed Maggie goodbye when she left to go with her family to visit Scotland, he didn't know he wouldn't see her again for 10 years. I loved this book there is so much strong emotion as these two characters deal with all the changes in their lives since the last time they saw each other. Maggie's description of Scotland as she stands out on a tower balcony, makes it sound absolutely beautiful. We also have some characters from previous books to be able to see what they are up to now. This is really a great series that you can read as stand alone but reading them in order is so much more fun.I received a free download of this book from the publisher. This review is my own honest opinion of a great book.\n\n"", '\n\n  Maggie and Nathan have been seperated by years, marraiges, heartbreak and distance. But life offers a second chance, if they can move past the heartache and into the future.\n\n', ""\n\n  Fabulous. Bree Wolf has done it again. The characters are so vibrant and alive. I love how Nathan starts out as the villain but winds up becoming a hero. Maggie is a sweetheart. Love the story so much I've started re-reading.\n\n""]"
 The Artisan (A DI Erica Swift Thriller Book 3) ,['M K  Farrar'], CDN$ 4.99 ,1,"  Best Sellers Rank:  #2,300 in Kindle Store (See Top 100 in Kindle Store)   #48 in Police Procedurals (Kindle Store)  #57 in Serial Killer Thrillers  #66 in Police Procedurals (Books)  ",4.5 out of 5 stars,235 ratings,"
  He considers himself an artist‚Ä¶His medium is murder.Someone is killing young women, strangling them in their beds, and arranging their bodies in a certain way after death.The police have no witnesses and the killer has left no clues. When a second victim is discovered, DI Erica Swift finds herself on the hunt for another serial killer...Lara Maher is living with a man who controls her every move. He treats her like a precious possession, and their shared past ties her to him. But now something has changed, and his increasingly volatile moods terrify her‚Ä¶As the rate of the murders increases, Erica needs to work fast to prevent him from killing again.One thing she does know is that he likes young, professional, blonde women.Women just like Erica‚Ä¶.Will she risk her own life to stop him when she‚Äôs already lost so much, or is there another woman out there who can help?  Read more  ",[],[],[]
 One Night Years Ago: an Enemies-to-Lovers Suspense Small Town Romance (Sharp's Cove Book 1) ,['J.R. Pace'], CDN$ 3.99 ,1,  Best Sellers Rank:  #838 in Kindle Store (See Top 100 in Kindle Store)   #89 in Romantic Suspense (Kindle Store)  #94 in Romantic Suspense (Books)  #216 in Contemporary Romance (Kindle Store)  ,4.3 out of 5 stars,49 ratings,"
  Natalie Bowmann still has nightmares of her last encounter with Hunter Fowler twelve years earlier. Now, Fowler‚Äôs back in town. When he was twenty, Hunter Fowler made a huge mistake. He‚Äôs spent the last twelve years in prison paying for it. When he gets out of prison, the last thing he wants to do is go back to Sharp‚Äôs Cove, but he has no choice.Natalie Bowmann isn‚Äôt a frightened young woman anymore. She‚Äôs the town‚Äôs sheriff now and she‚Äôs not going to let Fowler‚Äôs return destroy the life she‚Äôs built for herself.When another young woman is attacked, Natalie realizes two things: that twelve years earlier an innocent man was sent to prison and, most importantly, that a monster is loose in their peaceful coastal town.Will Hunter and Natalie be able to find him before he strikes again? What will they do with the growing attraction between them?This sexy suspense romance book is intended for adult readers. Each book in the series can be read as a standalone romance.Note to readers: this novel deals with dark themes, as one of the characters was assaulted years earlier and remembers the assault during the story.  Read more  ",['4.0 out of 5 stars'],['\nGood suspense\n'],"[""\n\n  Recently released from prison after taking the fall for someone else, Hunter returns to Sharp's Cove where he has to face the hostility and ire of the town. To complicate matters, the current sheriff, Natalie, is the victim and tensions are high whenever their paths cross. When they start to work together to find the real perpetrator they can no longer deny the feelings they have for each other and it was lovely seeing them find love and healing together.I thought the book was well paced and there were enough twists and turns to keep my interest. I particularly enjoyed the suspense aspects but would have liked the romance and main characters personal growth to have been developed further.It was also a little difficult to read at times due to the sexual assault and violence and this may be a trigger for some people. Whilst things were resolved to a certain extent it looks like some will be carried over to future books in the series and this facet of the ending was rather improbable too.I received a free copy of this book via Booksprout and am voluntarily leaving a review.\n\n""]"
 Ignite: A Grumpy Single Dad Romance ,['Melanie Harlow'], CDN$ 6.41 ,1,  Best Sellers Rank:  #7 in Kindle Store (See Top 100 in Kindle Store)   #2 in Romantic Comedy (Kindle Store)  #3 in Contemporary Romance (Kindle Store)  #3 in Romantic Comedy Romance  ,4.5 out of 5 stars,417 ratings,"
  My new neighbor is a firefighter--and a scorching hot single dad--but I swear I didn‚Äôt set off that smoke alarm on purpose.(And I was beyond mortified when he rushed in and saw me naked.)Nothing happened, of course--because I, Winnie MacAllister, romance junkie and owner of a constantly broken heart, have sworn off men for one solid year. Even protective men with chiseled jaws, bulging biceps, and deep brown eyes that make my breath come faster. Even former SEALs with broad chests and strong hands that make my skin sizzle. Even gorgeous, grumpy guys who have their hands full raising two adorable little girls and claim they don‚Äôt believe in love. Until Dex kisses me one night, and I drop all my defenses.(Also my underwear.)He says he‚Äôs not gentle, and he‚Äôs right. He says I should take the dream job I‚Äôm offered in another state, and he‚Äôs right. He says he‚Äôs too old for me and could never be the man I deserve.He‚Äôs wrong.Dex and I might be twelve years apart, but the fire between us is the kind that will never burn out. How can I convince him to give happily-ever-after with me a chance?  Read more  ","['4.0 out of 5 stars', '5.0 out of 5 stars', '4.0 out of 5 stars', '5.0 out of 5 stars', '5.0 out of 5 stars', '5.0 out of 5 stars']","['\ncute\n', '\nONE OF MY TOP READS OF 2021!!!\n', '\nAdorable\n', '\nFiery, steamy, hot!\n', '\nRomance, Comedic Moments & Family\n', '\nAnother Great Romance\n']","['\n\n  A bit of deja vu with the single dad of daughters and a much younger love interest but still cute and overall a good story.  If you‚Äôre familiar with the Cloverleigh farms series you‚Äôll love the nostalgia this book brings since it‚Äôs the second generation and we get to see little Winnie all grown up and finding love of her own. Winnie is a hopeless romantic who just can‚Äôt help falling for the wrong man. Dex is a broody Ex navy seal firefighter divorcee dad of two young girls. Dex is hot but drove me crazy with his pity party and loved Winnie and her fierceness. I really enjoyed the kids in this and their banter was really funny at times.  I really a cute story but not my fave of this author.\n\n', ""\n\n  ùó¢ùó°ùóò ùó¢ùóô ùó†ùó¨ ùóßùó¢ùó£ ùó•ùóòùóîùóóùó¶ ùó¢ùóô ùüÆùü¨ùüÆùü≠!!!I absolutely LOVED Melanie Harlow's Cloverleigh Farms series and I was sooooooo excited to hear that we would be getting the next generation! Ignite is the first one....and let me just say that Ms. Harlow DID NOT disappoint!!! Dex and Winnie are simply PERFECTION!When single dad Dex, who has two sweet and hilarious young daughters, moves in to the house next door, Winnie immediately attracted to all the gloriousness that is Dex! But, she's on a break from dating, from love, from MEN and being a love junkie, she has no intention of falling under Dex's spell! You know what they say about best intentions, right??!! As for Dex, he's the grumpy single Dad, only wants to be the best firefighter and dad that he can be. He has no time for happily-ever-after, which, as far as he's concerned, doesn't exist AND Winnie is simply too young for him, anyway! Cupid (and Winnie!!!) have other plans, however!Ignite is one of Melanie's STEAMIEST books yet and it's filled with all the laugh-out-loud banter, the amazing family bonds and ALL the intense FEELS that I've come to expect from her! I can't wait to see who will be next in this already FAVE series from one of Unicorn authors! I wish I could give this one sooooo many more than 5 stars!!!\n\n"", '\n\n  I went into this not knowing that it was a ‚Äúnext generation‚Äù story, which I tend to avoid like the plague.I read Irresistible a few months ago and adored it. That was the story of Frannie and Mac. Frannie was a 24 year old whose parents owned Cloverleigh Farms and Mac was a 34 year old single father of three girls. One of those girls was the adorable 4 year old Winnie who was scared of the monsters under her bed. Fast forward a few months and here I am reading about Frannie, who is now in her 40‚Äôs, Mac who is now in his 50‚Äôs, and cute 4-year-old-Winnie, who is now 22 years old and getting diddled by her next door neighbour‚Ä¶. and that, right there, is why I don‚Äôt like next generation books!Aside from that, this story was super cute! There were quite a lot of similarities between this book and Irresistible, but since I loved that book, I loved this one too. Despite the fact that all of the characters from Irresistible were old now, it was still really nice to catch up with them all. I loved Dex and his daughters. They were adorable. The ending was just over the top corny, which obviously meant that I loved it!\n\n', '\n\n  ""My feelings were building and growing and spread like wildfire, and I couldn\'t contain them.""Winnie MacAllister returns home after college to work with her family at Cloverleigh Farms. Fresh off of a broken heart courtesy of an ended engagement, Winnie swears off men for a year. No problem. Until Dexter Matthews moves in next door. An ex Navy SEAL turned firefighter, Dex is a divorced, single dad of two perfect little girls. Even though Winnie is the perfect, beautiful girl next door, she\'s too young for him, way too sweet for him, and he needs to stay away. Until he can\'t.I just need to own up to my Melanie Harlow obsession. It is completely clear to everyone in the world at this point. I love Melanie Harlow and I love every single person she writes!!Is it too cheesy to say this book is fiery? Steamy? Hot? I mean it all anyway!! Times a million! Call the fire department!If you like:- single dads- grumpy x sunshine- age gap romances- former military- next door neighboursThen this book is DEFINITELY for you because this has all of that and Melanie Harlow comes out SWINGING.Winnie is so sweet and perfect and I love that we get to see Winnie all grown up! If you loved the Cloverleigh Farms book, this is SO FUN because we get so so much Cloverleigh Farm content and we get so many updates on so many people, I loved it. We also get a nice little Bellamy Creek connections and let me tell you I SCREAMED when I read that. OUT LOUD. I try to take notes about books to remember my favourite part and ""Bellamy Creek"" is all I wrote down because I loved that part SO MUCH and I was just absolutely blasting through the rest of the book. BACK TO THE POINT, Winnie is amazing and I love how much we get to learn about Winnie and her goals and her dreams and her past and ugh, any man who ever treated Winnie wrong (I\'m looking at you Merrick!), if I catch you in the STREETS. BEWARE.Dex is, holy. I don\'t even know where to start with Dex. My obsession with Dex is almost so much that I can\'t even talk about it. I LOVE single dads and ex military and grumpy and first responders so he just scratched every itch that I\'ve ever had.The steam here is in FULL SWING. This is not a little spicy, this is ON FIRE. The smoke alarm is blaring. I can hear the sirens. Like WOW.The plot is also really sweet, we get to see a lot of character development from both Dex and Winnie. And in a true Melanie Harlow fashion, we get a lot of extra side characters and I was so excited at the end to read who the next book was going to be about.This is such an easy five stars for me, I will be re-reading this again tonight (and maybe every night for the rest of time????)""You ignited a fire in me I couldn\'t put out. I couldn\'t control my feelings for you, and I\'m sone who likes to be in control all the time.""\n\n', '\n\n  Amazing story! Winnie is 22 and believes in forever love. Dex is older, divorced and has two daughters. He tries not to notice his beautiful neighbour but fails every time. Dex is protecting his heart and tries to keep Winnie in the friend zone. As his love for her grows, he gets braver at trusting in love. Sweet, sexy and pulls your heartstrings.\n\n', '\n\n  Want an easy to read romance that makes you want to turn the page and love the ending?  Melanie Harlow is your girl!  I‚Äôve read every book and enjoyed every one of them. This one is no exception.  Great story!  I even love the little girl‚Äôs story she wrote. I hope it‚Äôs made into a children‚Äôs book, I think it would sell! Can‚Äôt wait for the next book!\n\n']"
 Sunrise over Sapphire Bay: A gorgeous uplifting romantic comedy to escape with this summer (Jewel Island) ,['Holly Martin'], CDN$ 2.99 ,1,"  Best Sellers Rank:  #1,178 in Kindle Store (See Top 100 in Kindle Store)   #44 in Holiday Fiction  #89 in Romantic Comedy (Kindle Store)  #102 in Romantic Comedy Romance  ",4.5 out of 5 stars,"1,393 ratings","
  Fall in love with the beautiful Jewel Island this summer, where the sapphire sea sparkles, the golden sun warms your skin and the islanders melt your heart. From the bestselling author of The Little Village of Happiness comes Holly Martin‚Äôs most romantic novel yet.Aria Philips has lived on Jewel Island all of her life. Even when her sisters Clover and Skye left its stunning shores for bigger and better things, Aria stayed to help her father run their family hotel.A year after her father‚Äôs death Aria‚Äôs done everything she can to keep things afloat but the hotel has long been struggling to make a profit. With so few guests Aria risks losing the only home she‚Äôs ever had.Noah Campbell earned his fortune from making hotels a success, and he also just happens to be staying on Jewel Island this summer. Could he be the answer to Aria‚Äôs problems? If only he hadn‚Äôt kissed her under the willow tree the year before and never called her again. It had been the most incredible kiss of her life, but clearly business and pleasure should never be mixed.As gorgeous and charming as Noah may be, Aria vows to keep things professional while she seeks his help. But for the past year Noah has been keeping a secret and his return to Jewel Island is about to change Aria‚Äôs life forever‚Ä¶Soak up the sun in Sapphire Bay with this feel-good novel you won‚Äôt be able to put down. An unforgettable summer romance perfect for fans of Debbie Johnson, Sarah Morgan and Jill Mansell.Praise for Holly Martin‚ÄòWithout a doubt¬†my favourite Holly Martin book of all time. I adored every single moment of this fabulous book.¬†One¬†of¬†my top romantic comedy reads for the year.‚Äô Rachel‚Äôs Random Reads, 5 stars‚ÄòIf Holly Martin‚Äôs latest book had been a cake, she would have come up with something that looks great, tastes amazing and has people hailing her the next Mary Berry ¬†‚Äì it‚Äôs that good.¬†A mixture of brilliant, believable characters, exotic travel, a fantastic story and, of course, beautiful romance at its heart, this is a winning recipe for me.‚Äô After the Rain, 5 stars‚ÄòAddictive, packed full of humour, friendship, family, love with just a little bit of heat. This has to be one of my favourites of Holly‚Äôs so far.‚Äô Love Books Actually, 5 stars‚ÄòHolly's writing is like an¬†injection of happiness¬†into your day. She writes love in it's sweet, all encompassing, passionate glory.‚Äô The Blossom Twins, 5 stars‚ÄòI think this is¬†Holly's best book yet; I absolutely loved it from start to finish, I devoured this almost in one sitting.‚Äô Amazon review, 5 stars‚ÄòThere are some¬†laugh out loud¬†moments as well as some heart melting and tear jerking ones.¬†A perfect holiday read!‚Äô Jo‚Äôs Book Journey, 5 stars¬†‚ÄòJust delightful.¬†A heartwarming and deliciously romantic novel.‚Äô The Cosiest Corner‚ÄòA¬†gorgeous romantic story.¬†Sweet, sexy and satisfying.‚Äô Portobello Book Blog, 5 stars‚ÄòWOW!¬†So much LOVE for this story!¬†This book is¬†just AMAZING!‚Äô Simona‚Äôs Corner of Dreams, 5 stars‚ÄòLove Love LOVED this book. Holly Martin has written¬†the must read novel for this summer. It's an absolute gem.¬†Emotional, passionate, funny, and very, very addictive.‚Äô ¬†M‚Äôs Bookshelf, 5 stars‚ÄòThis was¬†an absolutely cracking read!‚Äô Kate‚Äôs Book Spot, 5 stars‚ÄòA truly magical adventure.‚Äô Star Crossed Reviews, 5 stars  Read more  ",['2.0 out of 5 stars'],['\nI wanted to like this...\n'],"[""\n\n  Okay, seriously, was this book even edited? The amount of misplaced (and missing) commas drove me NUTS.Grammar aside, the storyline was meh and I didn't feel like it flowed well. There was no unity and cohesion in the writing. Scenarios ended abruptly and there were A LOT of repetitive thoughts that really made it seem like this was written by an amateur, not a seasoned author. I read this book because reviews compared Holly Martin to Sophie Kinsella, whom I absolutely love. This was nowhere close.Also, Canada is a large country! She really could've been a bit more specific about where in Canada Skye had moved to üôÑ\n\n""]"
 Harry Potter and the Philosopher's Stone ,['J.K. Rowling'], CDN$ 10.99 ,1,  Best Sellers Rank:  #9 in Kindle Store (See Top 100 in Kindle Store)   #1 in Contemporary Fantasy (Books)  #1 in Action & Adventure Fiction (Kindle Store)  #1 in Children's Action & Adventure  ,4.8 out of 5 stars,"34,712 ratings","
  Turning the envelope over, his hand trembling, Harry saw a purple wax seal bearing a coat of arms; a lion, an eagle, a badger and a snake surrounding a large letter 'H'.Harry Potter has never even heard of Hogwarts when the letters start dropping on the doormat at number four, Privet Drive. Addressed in green ink on yellowish parchment with a purple seal, they are swiftly confiscated by his grisly aunt and uncle. Then, on Harry's eleventh birthday, a great beetle-eyed giant of a man called Rubeus Hagrid bursts in with some astonishing news: Harry Potter is a wizard, and he has a place at Hogwarts School of Witchcraft and Wizardry. An incredible adventure is about to begin!Having now become classics of our time, the Harry Potter ebooks never fail to bring comfort and escapism to readers of all ages. With its message of hope, belonging and the enduring power of truth and love, the story of the Boy Who Lived continues to delight generations of new readers.  Read more  ","['5.0 out of 5 stars', '4.0 out of 5 stars', '5.0 out of 5 stars', '4.0 out of 5 stars', '5.0 out of 5 stars', '1.0 out of 5 stars', '5.0 out of 5 stars', '5.0 out of 5 stars']","['\nWhat an adventure\n', ""\nIt's a wonderful story that just absorbs you into a world that ...\n"", '\nSmart and witty\n', '\nGreat book, different artwork than depicted in photo\n', '\nBeautiful collector item\n', '\nNot as advertised.\n', ""\nIts Harry Potter of course it's good\n"", '\nGreat read for adult and kids.\n']","['\n\n  The first story where the world meets Harry Potter. This was the 3rd time reading the story after many years. There were so many things that I picked up in the story that I did not pick up the first time through! Haggrid‚Äôs motorcycle was Sirus‚Äôs?  What an adventure.  From the very first chapter J K R leads you into the wizard world. For those of you reading this series for the first time, I am jealous. Enjoy\n\n', ""\n\n  The book that introduced us all to the wonders that is Harry Potter. It's a wonderful story that just absorbs you into a world that we could only dream of being a part of. The enchanted version ibooks has is simply stunning and a definite for any collector. The images are gorgeous and really let you become a part of the story.The first story is slower than the others but it's the first book in a long series, we kind of expect that, don't we? Harry and the gang are truly a lovable clang - I love Ron the most and it's not just because we share a birthday. I also find myself loving the dynamics of the character that is Draco Malfoy. He will be a character I know I will grow to love beyond words. I am interested to see who I become more connected too... despite any birthday connections or house connections (considering I am a Slytherin)All in all, a joyous book. One I cannot wait to share with the kids in my life and for generations to come\n\n"", ""\n\n  An enchanting story for children and adults alike. Smart and witty. Plenty of adventures, but the same time emphasizing the importance of responsibility, friendship and power of love. It's a book you come back to to discover new facets each time.\n\n"", '\n\n  The book I received was in great condition and it arrived in a timely manner, however the book I received had different artwork than the one depicted in the photo above. So for those purchasing this book for the original artwork, be aware that you will be getting the edition with different character art on the back. But for everyone else, this book is wonderful and I highly recommend if you are trying to complete your hardcover collection of harry potter, this will fit in well.\n\n', '\n\n  Beautiful collector item.  Comes in a fitted carton box, and a colour matching slipcase.  Printed in Italy.  The one I bought is a first print.  Will be purchasing the rest of this edition - very happy with the quality!\n\n', '\n\n  Product was not at all as described. Was advertised as a very good paperback copy and instead I received something more along the lines of acceptable. The pages are very yellowed, there is a coffee or tea stain on the bottom corner of all of the pages and on the top of the cover by the spine is a sticky residue that has collected dirt and other debris.\n\n', '\n\n  My son loves the series I ended up buying the whole set after I got this book.\n\n', '\n\n  Ordered this copy to compliment my ""Harry Potter and the Sorcerer\'s Stone"". Came in perfect condition. Great read for adults and kids. Still reread the series every few years.\n\n']"
 The Huntress: A Novel ,['Kate Quinn'], CDN$ 11.99 ,0,  Best Sellers Rank:  #11 in Kindle Store (See Top 100 in Kindle Store)   #1 in Military Historical Fiction  #1 in Spy Stories & Tales of Intrigue  #1 in War Fiction (Kindle Store)  ,4.5 out of 5 stars,"5,731 ratings","
  ""...compulsively readable historical fiction‚Ä¶[a] powerful novel about unusual women facing sometimes insurmountable odds with grace, grit, love and tenacity.‚Äù - Kristin Hannah, The Washington Post¬†Named one of best books of the year by¬†Marie Claire and¬†Bookbub‚ÄúIf you enjoyed ‚ÄúThe Tattooist of Auschwitz,‚Äù read ‚ÄúThe Huntress,‚Äù by Kate Quinn."" The Washington PostFrom the author of the New York Times and USA Today bestselling novel, THE ALICE NETWORK, comes another fascinating historical novel about a battle-haunted English journalist and a Russian female bomber pilot who join forces to track the Huntress, a Nazi war criminal gone to ground in America.In the aftermath of war, the hunter becomes the hunted‚Ä¶Bold and fearless, Nina Markova always dreamed of flying. When the Nazis attack the Soviet Union, she risks everything to join the legendary Night Witches, an all-female night bomber regiment wreaking havoc on the invading Germans. When she is stranded behind enemy lines, Nina becomes the prey of a lethal Nazi murderess known as the Huntress, and only Nina‚Äôs bravery and cunning will keep her alive.Transformed by the horrors he witnessed from Omaha Beach to the Nuremberg Trials, British war correspondent Ian Graham has become a Nazi hunter. Yet one target eludes him: a vicious predator known as the Huntress. To find her, the fierce, disciplined investigator joins forces with the only witness to escape the Huntress alive: the brazen, cocksure Nina. But a shared secret could derail their mission unless Ian and Nina force themselves to confront it.Growing up in post-war Boston, seventeen-year-old Jordan McBride is determined to become a photographer. When her long-widowed father unexpectedly comes homes with a new fianc√©e, Jordan is thrilled. But there is something disconcerting about the soft-spoken German widow. Certain that danger is lurking, Jordan begins to delve into her new stepmother‚Äôs past‚Äîonly to discover that there are mysteries buried deep in her family . . . secrets that may threaten all Jordan holds dear.In this immersive, heart-wrenching story, Kate Quinn illuminates the consequences of war on individual lives, and the price we pay to seek justice and truth.¬†¬†  Read more  ","['5.0 out of 5 stars', '4.0 out of 5 stars', '5.0 out of 5 stars', '5.0 out of 5 stars', '5.0 out of 5 stars', '4.0 out of 5 stars', '5.0 out of 5 stars', '5.0 out of 5 stars']","['\nEngaging Historical Fiction!\n', '\nThe Huntress becomes the Hunted\n', '\nThe Huntress\n', '\nStarts Slow But Gets Great!!\n', '\nEnthralling\n', '\nGood read\n', '\nFascinating novel\n', ""\nHistorical fiction at it's best.\n""]","[""\n\n  I enjoyed this book so much! So many characters were so well-developed...Nina, Ian, Jordan...I'm not sure who I liked the best, though I got a huge kick out of Nina, who was such a study in contrasts: hilarious one moment and utterly terrifying in the next. The woman at the centre of the mystery was quite skillfully layered as well.This book was haunting and heartbreaking but it also had lovely moments of tenderness and playfulness. I loved the real history that was woven into the fiction, and I know that this story will stay with me for years to come.\n\n"", ""\n\n  A good story of Soviet female pilots, the Night Witches, Nazi war criminals and those that hunted them down and brought them to justice and a family not recognizing the danger amongst them.Kate Quinn wrote one of my favorite books, The Alice Network.  I loved that book.  The Huntress is an interesting story but didn't capture my heart the way that one did.\n\n"", '\n\n  The Huntress /  Die JagerinThis book captures your attention immediately at the beginning. The Huntress character Lorelei Vogt,  is based on two real people who embodied such evil. The set up of the book of the main characters is educational and interesting. It embodies women pilots in Russia during WW2 called the Night Witches. The stories of their lives, their flying expeditions over the German Lines is informative and interesting. The way the author connects a Russian female pilot to a British escaped Prisoner of war and their escape through Poland captures the reader to want to know the outcome. Fast forward to the Nuremberg trials and 2 men looking for a woman they call the Huntress. Their trips around Western Europe, then across to USA, the difficulties they had, the people they met who The Huntress had influenced and killed. The chase and the people she wouldn‚Äôt hesitate to kill was frightening. She went to great lengths to save herself.The team of four people whose lives had been affected by The Huntress wanted to obtain justice, and they did through a lot of hard work. I highly recommend this book definitely will give it 5+stars. This book had my heart throughout, couldn‚Äôt put it down.\n\n', '\n\n  Great read. You can never read too many books about the Holocaust because we must never forget!!  This book is another great one!  It is simple in its structure and therefore accessible to every level of reader.  The character of Nina and the historical facts make this book amazing. Highly recommend!  It is also a good Holocaust literature book for a younger reader (teens 14-18) too because it is accurate but also not as gruesome in every detail as some others.  It would be good for a high school class actually. It has gay themes too, which is important for younger readers.  I loved this book. However, if you are a racist, sexist or homophobic, this is not the book for you....or is it? ;)\n\n', ""\n\n  I could hardly put this book down!  The characters were vibrant and so real.  The story was a different angle on WW2 than I'm accustomed to and it was fascinating.  Every bit of this book was enthralling.  The author certainly knew what she was doing when she wove this particular tale together.\n\n"", ""\n\n  This was a real page turner.  I liked the format.  The chapters alternate between the three chief characters.  The chapters are short which makes for easier reading.  The chapters on Nina and her flying excursions are so real that one thinks they're with her.  One learns early on who the huntress is which adds to thrill of the chase.  Highly recommend.\n\n"", '\n\n  This is a riveting story of the search to bring a diabolical female Nazi war criminal to justice. The story is fascinating, and the characters are complex and intriguing. Without a doubt, this was one of my favourite reads in 2019. I highly recommend it to historical fiction fans and to those with an interest in the quest to capture Nazi war criminals.\n\n', ""\n\n  I'm in the middle of this fascinating book and can hardly put it down to get anything else done. Kate Quinn has done it again!\n\n""]"
